Podróż;Transport;Zakwaterowanie;Jedzenie;Zwiedzanie;Inne
Włochy;678.0367361410017;602.7424943081421;244.58612921314443;212.493560453626;132.46798478948227
Hiszpania;611.8012180310033;727.9108040217113;419.51844205010286;139.78742493005785;101.27708935855283
Portugialia;463.0680640009594;706.7065071520043;247.5957273168342;187.23553537575103;82.39260006782612
